PID,아이디,비밀번호,성함,주민번호,주소,메일 주소,회원_가입일,전화번호
1,kims97,password1,김소희,970402-2,서울특별시 첨단로 47,kims97@example.com,2019-01-01,010-1111-1111
2,jang821,password2,장현정,820725-2,서울특별시 해운대로 31,jang821@example.com,2019-01-06,010-1111-1112
3,leem82,password3,이민정,820622-2,서울특별시 삼산로 54,leem82@example.com,2019-01-08,010-1111-1113
4,jung963,password4,정민수,961111-1,부산광역시 월드컵로 164,jung963@example.com,2019-01-09,010-1111-1114
5,jung71,password5,정우진,711204-1,경기도 테헤란로 129,jung71@example.com,2019-01-10,010-1111-1115
6,chom94,password6,조민수,940820-1,서울특별시 해운대로 123,chom94@example.com,2019-01-12,010-1111-1116
7,park061,password7,박다은,060725-4,부산광역시 첨단로 116,park061@example.com,2019-01-12,010-1111-1117
8,park992,password8,박재훈,990721-1,부산광역시 첨단로 171,park992@example.com,2019-01-15,010-1111-1118
9,kimj98,password9,김지혜,980312-2,부산광역시 구월로 7,kimj98@example.com,2019-01-17,010-1111-1119
10,choi764,password10,최다은,761126-2,인천광역시 구월로 152,choi764@example.com,2019-01-29,010-1111-1120
11,choi971,password11,최지선,970712-1,경기도 월드컵로 89,choi971@example.com,2019-01-31,010-1111-1121
12,park75,password12,박지은,750811-2,부산광역시 엑스포로 110,park75@example.com,2019-02-03,010-1111-1122
13,lim01,password13,임미라,010705-3,인천광역시 수성로 144,lim01@example.com,2019-02-05,010-1111-1123
14,choi023,password14,최경수,020802-3,경기도 수성로 133,choi023@example.com,2019-02-08,010-1111-1124
15,lims70,password15,임소희,700318-2,서울특별시 구월로 152,lims70@example.com,2019-02-18,010-1111-1125
16,choh86,password16,조현정,860214-2,부산광역시 테헤란로 46,choh86@example.com,2019-02-20,010-1111-1126
17,jang79,password17,장영훈,791123-1,대구광역시 수성로 123,jang79@example.com,2019-02-20,010-1111-1127
18,jang03,password18,장예빈,031214-3,서울특별시 수성로 147,jang03@example.com,2019-02-24,010-1111-1128
19,jang061,password19,장민수,060620-3,부산광역시 수성로 183,jang061@example.com,2019-02-24,010-1111-1129
20,kimd04,password20,김다은,040218-4,대구광역시 테헤란로 58,kimd04@example.com,2019-02-25,010-1111-1130
21,park054,password21,박우진,050617-3,대구광역시 테헤란로 152,park054@example.com,2019-02-25,010-1111-1131
22,jang913,password22,장다은,910918-2,서울특별시 엑스포로 13,jang913@example.com,2019-03-01,010-1111-1132
23,park843,password23,박소희,840123-2,경기도 엑스포로 4,park843@example.com,2019-03-10,010-1111-1133
24,choi891,password24,최경수,890403-1,서울특별시 엑스포로 33,choi891@example.com,2019-03-15,010-1111-1134
25,kimj91,password25,김지혜,910209-2,부산광역시 월드컵로 139,kimj91@example.com,2019-03-22,010-1111-1135
26,leek95,password26,이경수,950213-1,서울특별시 엑스포로 93,leek95@example.com,2019-03-23,010-1111-1136
27,park952,password27,박현정,950914-2,부산광역시 테헤란로 127,park952@example.com,2019-03-27,010-1111-1137
28,choi07,password28,최지훈,070220-3,서울특별시 삼산로 118,choi07@example.com,2019-04-03,010-1111-1138
29,yoon79,password29,윤세윤,790407-1,부산광역시 월드컵로 166,yoon79@example.com,2019-04-04,010-1111-1139
30,choi79,password30,최상우,791221-1,서울특별시 첨단로 182,choi79@example.com,2019-04-10,010-1111-1140
31,kimj871,password31,김지훈,870123-1,서울특별시 월드컵로 56,kimj871@example.com,2019-04-10,010-1111-1141
32,yoon97,password32,윤영훈,970710-1,광주광역시 테헤란로 11,yoon97@example.com,2019-04-17,010-1111-1142
33,dayo72,password33,한다영,721027-1,부산광역시 월드컵로 125,dayo72@example.com,2019-04-18,010-1111-1143
34,jung99,password34,정지훈,990817-1,서울특별시 첨단로 14,jung99@example.com,2019-04-26,010-1111-1144
35,choi802,password35,최서현,800819-2,서울특별시 구월로 18,choi802@example.com,2019-05-08,010-1111-1145
36,choi85,password36,최상지,850109-2,인천광역시 첨단로 70,choi85@example.com,2019-05-11,010-1111-1146
37,park004,password37,박지혜,000916-4,대구광역시 수성로 175,park004@example.com,2019-05-11,010-1111-1147
38,leej80,password38,이효진,800723-1,서울특별시 테헤란로 49,leej80@example.com,2019-05-19,010-1111-1148
39,jung73,password39,정경아,730209-1,인천광역시 해운대로 39,jung73@example.com,2019-05-21,010-1111-1149
40,choi723,password40,최다은,721219-2,서울특별시 수성로 181,choi723@example.com,2019-05-24,010-1111-1150
41,jang822,password41,장우진,820428-1,서울특별시 수성로 22,jang822@example.com,2019-05-24,010-1111-1151
42,jin02,password42,강유진,020101-3,인천광역시 월드컵로 115,jin02@example.com,2019-05-26,010-1111-1152
43,leeh01,password43,이현정,010909-4,인천광역시 삼산로 86,leeh01@example.com,2019-05-28,010-1111-1153
44,kimw04,password44,김우진,040722-3,서울특별시 첨단로 75,kimw04@example.com,2019-06-06,010-1111-1154
45,jang921,password45,장하윤,921108-1,울산광역시 엑스포로 89,jang921@example.com,2019-06-11,010-1111-1155
46,leej742,password46,이지훈,740728-1,인천광역시 수성로 68,leej742@example.com,2019-06-14,010-1111-1156
47,jang802,password47,장민수,800613-1,대구광역시 구월로 98,jang802@example.com,2019-06-22,010-1111-1157
48,jang97,password48,장미래,971216-1,경기도 엑스포로 65,jang97@example.com,2019-07-15,010-1111-1158
49,kimw89,password49,김선우,891213-1,서울특별시 월드컵로 160,kimw89@example.com,2019-07-18,010-1111-1159
50,yoon981,password50,윤소희,980523-2,부산광역시 해운대로 186,yoon981@example.com,2019-07-21,010-1111-1160
51,leej04,password51,이지혜,040310-4,부산광역시 테헤란로 17,leej04@example.com,2019-07-28,010-1111-1161
52,jung982,password52,정현정,981203-2,경기도 해운대로 129,jung982@example.com,2019-07-30,010-1111-1162
53,choi732,password53,최서현,730110-2,부산광역시 엑스포로 147,choi732@example.com,2019-08-02,010-1111-1163
54,kim88,password54,김승원,880407-1,서울특별시 해운대로 59,kim88@example.com,2019-08-04,010-1111-1164
55,ohji93,password55,오지훈,930324-1,경기도 삼산로 92,ohji93@example.com,2019-08-06,010-1111-1165
56,park051,password56,박영훈,051001-3,서울특별시 엑스포로 171,park051@example.com,2019-08-13,010-1111-1166
57,ohse75,password57,오서현,751011-2,부산광역시 해운대로 100,ohse75@example.com,2019-08-28,010-1111-1167
58,yoon802,password58,윤우진,801118-1,경기도 삼산로 126,yoon802@example.com,2019-08-30,010-1111-1168
59,yoon971,password59,윤지훈,970608-1,경기도 해운대로 70,yoon971@example.com,2019-09-02,010-1111-1169
60,yoon871,password60,윤지혜,870217-2,부산광역시 테헤란로 107,yoon871@example.com,2019-09-07,010-1111-1170
61,lims99,password61,임소희,991223-2,서울특별시 첨단로 62,lims99@example.com,2019-09-09,010-1111-1171
62,yoon77,password62,윤지민,770528-1,서울특별시 엑스포로 25,yoon77@example.com,2019-09-19,010-1111-1172
63,choi74,password63,최지혜,741002-2,부산광역시 첨단로 171,choi74@example.com,2019-09-21,010-1111-1173
64,jiyo97,password64,강지영,970605-1,서울특별시 수성로 91,jiyo97@example.com,2019-09-26,010-1111-1174
65,jung701,password65,정나영,701008-1,부산광역시 해운대로 185,jung701@example.com,2019-09-27,010-1111-1175
66,kimw94,password66,김건우,940915-1,서울특별시 수성로 88,kimw94@example.com,2019-10-07,010-1111-1176
67,park81,password67,박현정,810525-2,서울특별시 첨단로 108,park81@example.com,2019-10-27,010-1111-1177
68,jung841,password68,정민수,840820-1,부산광역시 엑스포로 10,jung841@example.com,2019-11-02,010-1111-1178
69,choi794,password69,최영훈,790218-1,서울특별시 테헤란로 198,choi794@example.com,2019-11-04,010-1111-1179
70,choi861,password70,최지유,861125-1,서울특별시 월드컵로 198,choi861@example.com,2019-11-05,010-1111-1180
71,leeh91,password71,이현정,910407-2,부산광역시 삼산로 43,leeh91@example.com,2019-11-06,010-1111-1181
72,park79,password72,박시은,790422-2,서울특별시 수성로 20,park79@example.com,2019-11-14,010-1111-1182
73,limj99,password73,임하정,990507-2,부산광역시 테헤란로 182,limj99@example.com,2019-11-26,010-1111-1183
74,seo91,password74,강서준,910927-1,부산광역시 삼산로 76,seo91@example.com,2019-11-27,010-1111-1184
75,user0102,password75,홍광호,040102-3,서울특별시 수성로 5,user0102@example.com,2019-11-29,010-1111-1185
76,jang781,password76,장소희,780418-2,대구광역시 해운대로 57,jang781@example.com,2019-12-02,010-1111-1186
77,jung072,password77,정은솔,071009-3,대구광역시 구월로 25,jung072@example.com,2019-12-12,010-1111-1187
78,soyo87,password78,강소영,870711-1,부산광역시 테헤란로 156,soyo87@example.com,2019-12-16,010-1111-1188
79,ohky73,password79,오경미,730312-1,서울특별시 수성로 35,ohky73@example.com,2019-12-24,010-1111-1189
80,kimh88,password80,김태희,880810-2,서울특별시 해운대로 180,kimh88@example.com,2019-12-25,010-1111-1190
81,jung762,password81,정경수,760124-1,부산광역시 수성로 44,jung762@example.com,2019-12-29,010-1111-1191
82,minj94,password82,강민지,941107-2,서울특별시 엑스포로 140,minj94@example.com,2019-12-30,010-1111-1192
83,limk98,password83,임경수,980916-1,인천광역시 엑스포로 161,limk98@example.com,2019-12-30,010-1111-1193
84,lees70,password84,이수영,700805-1,광주광역시 구월로 148,lees70@example.com,2020-01-01,010-1111-1194
85,kims731,password85,김소희,731015-2,경기도 테헤란로 167,kims731@example.com,2020-01-01,010-1111-1195
86,lime93,password86,임나은,930824-2,경기도 삼산로 80,lime93@example.com,2020-01-05,010-1111-1196
87,leeh92,password87,이승희,920219-2,서울특별시 월드컵로 29,leeh92@example.com,2020-01-10,010-1111-1197
88,jang00,password88,장효림,000311-3,서울특별시 수성로 45,jang00@example.com,2020-01-10,010-1111-1198
89,choj801,password89,조지혜,800220-2,서울특별시 월드컵로 34,choj801@example.com,2020-01-10,010-1111-1199
90,jung85,password90,정지혜,851013-2,서울특별시 해운대로 195,jung85@example.com,2020-01-12,010-1111-1200
91,park73,password91,박유나,730316-1,경기도 해운대로 72,park73@example.com,2020-01-13,010-1111-1201
92,leem76,password92,이채민,761011-1,인천광역시 첨단로 166,leem76@example.com,2020-01-22,010-1111-1202
93,choi981,password93,최지훈,980211-1,부산광역시 구월로 198,choi981@example.com,2020-01-25,010-1111-1203
94,choj03,password94,조지훈,031225-3,인천광역시 구월로 54,choj03@example.com,2020-01-26,010-1111-1204
95,kimj742,password95,김지혜,740424-2,서울특별시 엑스포로 131,kimj742@example.com,2020-01-26,010-1111-1205
96,jung973,password96,정지훈,971227-1,부산광역시 월드컵로 150,jung973@example.com,2020-01-26,010-1111-1206
97,yoon703,password97,윤지혜,700622-2,서울특별시 해운대로 185,yoon703@example.com,2020-01-26,010-1111-1207
98,jang741,password98,장지훈,740324-1,서울특별시 수성로 82,jang741@example.com,2020-01-27,010-1111-1208
99,jung00,password99,정태윤,000808-3,경기도 삼산로 105,jung00@example.com,2020-01-28,010-1111-1209
100,choj07,password100,조연정,070210-4,대전광역시 엑스포로 191,choj07@example.com,2020-01-28,010-1111-1210
101,yoon00,password101,윤아라,000701-3,부산광역시 첨단로 29,yoon00@example.com,2020-01-28,010-1111-1211
102,leej741,password102,이지혜,740115-2,서울특별시 월드컵로 150,leej741@example.com,2020-01-29,010-1111-1212
103,choi88,password103,최유리,881203-1,부산광역시 삼산로 64,choi88@example.com,2020-01-30,010-1111-1213
104,kimj85,password104,김진우,850419-1,서울특별시 월드컵로 79,kimj85@example.com,2020-01-31,010-1111-1214
105,park941,password105,박민정,940502-2,부산광역시 엑스포로 48,park941@example.com,2020-02-01,010-1111-1215
106,yoon811,password106,윤현정,810926-2,서울특별시 엑스포로 34,yoon811@example.com,2020-02-01,010-1111-1216
107,leey87,password107,이주영,870208-1,인천광역시 삼산로 187,leey87@example.com,2020-02-02,010-1111-1217
108,kimm94,password108,김민수,940801-1,인천광역시 월드컵로 32,kimm94@example.com,2020-02-03,010-1111-1218
109,yoon821,password109,윤영훈,821004-1,부산광역시 첨단로 11,yoon821@example.com,2020-02-04,010-1111-1219
110,park861,password110,박소희,860525-2,대구광역시 첨단로 140,park861@example.com,2020-02-06,010-1111-1220
111,jang952,password111,장우진,950712-1,부산광역시 수성로 149,jang952@example.com,2020-02-08,010-1111-1221
112,jang841,password112,장소희,841028-2,인천광역시 월드컵로 9,jang841@example.com,2020-02-09,010-1111-1222
113,park94,password113,박은지,940110-2,서울특별시 첨단로 36,park94@example.com,2020-02-10,010-1111-1223
114,jung071,password114,정정화,070725-3,서울특별시 월드컵로 28,jung071@example.com,2020-02-10,010-1111-1224
115,choh75,password115,조혜민,751122-1,서울특별시 테헤란로 67,choh75@example.com,2020-02-12,010-1111-1225
116,jang001,password116,장현정,000304-4,경기도 수성로 115,jang001@example.com,2020-02-13,010-1111-1226
117,jang981,password117,장현정,980325-2,서울특별시 삼산로 106,jang981@example.com,2020-02-15,010-1111-1227
118,jung751,password118,정다은,750810-2,인천광역시 테헤란로 35,jung751@example.com,2020-02-17,010-1111-1228
119,choi801,password119,최유진,801006-1,경기도 해운대로 84,choi801@example.com,2020-02-21,010-1111-1229
120,ohyo72,password120,오영식,720519-1,인천광역시 삼산로 103,ohyo72@example.com,2020-02-22,010-1111-1230
121,kim74,password121,김재원,740323-1,경기도 수성로 82,kim74@example.com,2020-02-23,010-1111-1231
122,jang05,password122,장민수,050104-3,경기도 첨단로 128,jang05@example.com,2020-02-25,010-1111-1232
123,park052,password123,박우진,050309-3,서울특별시 삼산로 10,park052@example.com,2020-02-28,010-1111-1233
124,leey01,password124,이윤호,010418-3,서울특별시 테헤란로 20,leey01@example.com,2020-03-04,010-1111-1234
125,yoon864,password125,윤다은,860101-2,대구광역시 구월로 165,yoon864@example.com,2020-03-06,010-1111-1235
126,user0711,password126,강하람,980711-1,경기도 수성로 21,user0711@example.com,2020-03-08,010-1111-1236
127,choj96,password127,조지혜,960210-2,서울특별시 테헤란로 31,choj96@example.com,2020-03-08,010-1111-1237
128,limj04,password128,임지혜,040915-4,인천광역시 해운대로 200,limj04@example.com,2020-03-10,010-1111-1238
129,yoon96,password129,윤미선,960414-1,인천광역시 구월로 85,yoon96@example.com,2020-03-11,010-1111-1239
130,cho82,password130,조하랑,821204-1,서울특별시 삼산로 93,cho82@example.com,2020-03-12,010-1111-1240
131,jang804,password131,장영훈,800406-1,경기도 수성로 38,jang804@example.com,2020-03-12,010-1111-1241
132,kim79,password132,김가을,790315-1,부산광역시 엑스포로 40,kim79@example.com,2020-03-13,010-1111-1242
133,kimm71,password133,김민수,710507-1,인천광역시 월드컵로 82,kimm71@example.com,2020-03-13,010-1111-1243
134,choj70,password134,조지훈,700617-1,대구광역시 테헤란로 10,choj70@example.com,2020-03-14,010-1111-1244
135,park02,password135,박미숙,020525-3,서울특별시 해운대로 50,park02@example.com,2020-03-16,010-1111-1245
136,park782,password136,박경수,780615-1,서울특별시 해운대로 53,park782@example.com,2020-03-19,010-1111-1246
137,jang922,password137,장다은,920120-2,부산광역시 엑스포로 99,jang922@example.com,2020-03-20,010-1111-1247
138,yoon991,password138,윤경수,990820-1,부산광역시 해운대로 23,yoon991@example.com,2020-03-21,010-1111-1248
139,lims85,password139,임서현,851025-2,경기도 수성로 149,lims85@example.com,2020-03-24,010-1111-1249
140,park913,password140,박우진,910407-1,서울특별시 첨단로 90,park913@example.com,2020-03-25,010-1111-1250
141,lees991,password141,이서현,990920-2,서울특별시 첨단로 44,lees991@example.com,2020-03-29,010-1111-1251
142,jang871,password142,장성훈,870424-1,경기도 수성로 158,jang871@example.com,2020-03-30,010-1111-1252
143,yoon81,password143,강윤성,810420-1,서울특별시 구월로 101,yoon81@example.com,2020-04-03,010-1111-1253
144,jang892,password144,장서현,890324-2,대구광역시 월드컵로 118,jang892@example.com,2020-04-03,010-1111-1254
145,choi862,password145,최영훈,860812-1,부산광역시 수성로 171,choi862@example.com,2020-04-04,010-1111-1255
146,jang041,password146,장서현,041010-4,대구광역시 월드컵로 80,jang041@example.com,2020-04-04,010-1111-1256
147,park902,password147,박현수,900123-1,서울특별시 수성로 192,park902@example.com,2020-04-10,010-1111-1257
148,jang813,password148,장현정,810112-2,서울특별시 수성로 177,jang813@example.com,2020-04-10,010-1111-1258
149,jang052,password149,장지혜,050714-4,부산광역시 구월로 193,jang052@example.com,2020-04-14,010-1111-1259
150,choi942,password150,최지혜,941203-2,서울특별시 테헤란로 158,choi942@example.com,2020-04-16,010-1111-1260
151,jang923,password151,장민수,920226-1,서울특별시 해운대로 129,jang923@example.com,2020-04-21,010-1111-1261
152,yoon041,password152,윤호준,041117-3,서울특별시 수성로 119,yoon041@example.com,2020-04-22,010-1111-1262
153,yoon92,password153,윤혜민,920523-1,서울특별시 엑스포로 39,yoon92@example.com,2020-04-23,010-1111-1263
154,yoon792,password154,윤소희,790510-2,부산광역시 엑스포로 154,yoon792@example.com,2020-04-25,010-1111-1264
155,yoon721,password155,윤민수,720927-1,서울특별시 삼산로 50,yoon721@example.com,2020-04-27,010-1111-1265
156,jang902,password156,장소희,900120-2,대전광역시 첨단로 132,jang902@example.com,2020-04-27,010-1111-1266
157,kim76,password157,김규환,760807-1,경기도 엑스포로 83,kim76@example.com,2020-04-30,010-1111-1267
158,leem70,password158,이민수,701201-1,경기도 수성로 34,leem70@example.com,2020-05-01,010-1111-1268
159,limj91,password159,임정민,910402-1,부산광역시 엑스포로 79,limj91@example.com,2020-05-02,010-1111-1269
160,leem81,password160,이민수,810704-1,대구광역시 구월로 117,leem81@example.com,2020-05-04,010-1111-1270
161,yoon90,password161,윤미래,900209-1,부산광역시 첨단로 20,yoon90@example.com,2020-05-06,010-1111-1271
162,choi771,password162,최소희,770318-2,대구광역시 첨단로 76,choi771@example.com,2020-05-09,010-1111-1272
163,park942,password163,박우진,941209-1,대구광역시 첨단로 9,park942@example.com,2020-05-09,010-1111-1273
164,kims06,password164,김소희,060308-4,부산광역시 수성로 172,kims06@example.com,2020-05-10,010-1111-1274
165,park701,password165,박서현,700126-2,인천광역시 구월로 132,park701@example.com,2020-05-13,010-1111-1275
166,kimw74,password166,김우진,741116-1,서울특별시 수성로 153,kimw74@example.com,2020-05-13,010-1111-1276
167,choi913,password167,최서현,910105-2,인천광역시 구월로 125,choi913@example.com,2020-05-18,010-1111-1277
168,limd03,password168,임다은,030906-4,서울특별시 해운대로 146,limd03@example.com,2020-05-27,010-1111-1278
169,kims77,password169,김서현,770322-2,서울특별시 구월로 137,kims77@example.com,2020-05-27,010-1111-1279
170,park03,password170,박경수,030106-3,부산광역시 구월로 75,park03@example.com,2020-05-28,010-1111-1280
171,park733,password171,박소희,731104-2,서울특별시 해운대로 101,park733@example.com,2020-05-28,010-1111-1281
172,yoon922,password172,윤경수,920116-1,대구광역시 해운대로 160,yoon922@example.com,2020-06-01,010-1111-1282
173,kyun03,password173,강경호,030719-3,경기도 삼산로 98,kyun03@example.com,2020-06-03,010-1111-1283
174,jang89,password174,장다혜,890506-2,서울특별시 삼산로 69,jang89@example.com,2020-06-04,010-1111-1284
175,ohmi85,password175,오민수,850421-1,서울특별시 월드컵로 59,ohmi85@example.com,2020-06-07,010-1111-1285
176,chos04,password176,조서현,040915-4,인천광역시 첨단로 27,chos04@example.com,2020-06-10,010-1111-1286
177,lim80,password177,임하늘,800320-1,경기도 월드컵로 147,lim80@example.com,2020-06-12,010-1111-1287
178,kimy86,password178,김윤지,861114-2,부산광역시 첨단로 129,kimy86@example.com,2020-06-14,010-1111-1288
179,jung951,password179,정소희,950710-2,서울특별시 해운대로 60,jung951@example.com,2020-06-17,010-1111-1289
180,limk70,password180,임경수,700311-1,서울특별시 테헤란로 70,limk70@example.com,2020-06-17,010-1111-1290
181,jung812,password181,정민수,810802-1,대구광역시 테헤란로 57,jung812@example.com,2020-06-19,010-1111-1291
182,limy83,password182,임영훈,830727-1,부산광역시 구월로 53,limy83@example.com,2020-06-20,010-1111-1292
183,choi972,password183,최영훈,970123-1,서울특별시 첨단로 107,choi972@example.com,2020-06-23,010-1111-1293
184,yoon001,password184,윤민수,000218-3,부산광역시 수성로 101,yoon001@example.com,2020-06-24,010-1111-1294
185,park951,password185,박나은,950705-2,서울특별시 수성로 173,park951@example.com,2020-06-26,010-1111-1295
186,choy88,password186,조시영,881107-1,서울특별시 구월로 177,choy88@example.com,2020-06-27,010-1111-1296
187,jung771,password187,정민수,770727-1,대구광역시 엑스포로 47,jung771@example.com,2020-06-29,010-1111-1297
188,user0810,password188,강미래,740810-1,울산광역시 테헤란로 6,user0810@example.com,2020-06-30,010-1111-1298
189,choi912,password189,최소희,911015-2,대구광역시 엑스포로 99,choi912@example.com,2020-07-02,010-1111-1299
190,chom91,password190,조민경,910817-1,서울특별시 엑스포로 63,chom91@example.com,2020-07-07,010-1111-1300
191,user0408,password191,홍애라,890408-1,대구광역시 엑스포로 6,user0408@example.com,2020-07-08,010-1111-1301
192,lees001,password192,이연수,000626-3,서울특별시 삼산로 165,lees001@example.com,2020-07-08,010-1111-1302
193,limy71,password193,임영훈,710320-1,서울특별시 삼산로 93,limy71@example.com,2020-07-08,010-1111-1303
194,choi99,password194,최영수,990920-1,대구광역시 구월로 51,choi99@example.com,2020-07-09,010-1111-1304
195,lims07,password195,임서현,071024-4,서울특별시 구월로 125,lims07@example.com,2020-07-09,010-1111-1305
196,leej00,password196,이지훈,001008-3,대구광역시 구월로 86,leej00@example.com,2020-07-11,010-1111-1306
197,jang013,password197,장우진,010707-3,서울특별시 삼산로 196,jang013@example.com,2020-07-11,010-1111-1307
198,leeh83,password198,이현정,831008-2,경기도 수성로 5,leeh83@example.com,2020-07-16,010-1111-1308
199,kimw741,password199,김우진,740616-1,서울특별시 테헤란로 64,kimw741@example.com,2020-07-16,010-1111-1309
200,limm96,password200,임민수,961225-1,부산광역시 엑스포로 122,limm96@example.com,2020-07-22,010-1111-1310
201,lims04,password201,임서현,040601-4,광주광역시 수성로 74,lims04@example.com,2020-07-22,010-1111-1311
202,jang82,password202,장재민,820527-1,대구광역시 삼산로 10,jang82@example.com,2020-07-23,010-1111-1312
203,limm90,password203,임민수,901020-1,대구광역시 월드컵로 39,limm90@example.com,2020-07-23,010-1111-1313
204,choi80,password204,최우경,800817-1,광주광역시 삼산로 21,choi80@example.com,2020-07-24,010-1111-1314
205,limh00,password205,임승현,000813-4,경기도 구월로 108,limh00@example.com,2020-07-25,010-1111-1315
206,kimj95,password206,김지혜,951010-2,서울특별시 수성로 125,kimj95@example.com,2020-07-26,010-1111-1316
207,ohky89,password207,오경수,890609-1,부산광역시 수성로 107,ohky89@example.com,2020-07-26,010-1111-1317
208,jung984,password208,정다은,980807-2,경기도 첨단로 172,jung984@example.com,2020-07-29,010-1111-1318
209,choy74,password209,조영훈,740325-1,부산광역시 첨단로 14,choy74@example.com,2020-07-30,010-1111-1319
210,lime94,password210,임세은,941106-2,서울특별시 삼산로 43,lime94@example.com,2020-08-01,010-1111-1320
211,choi731,password211,최도현,730328-2,서울특별시 월드컵로 10,choi731@example.com,2020-08-01,010-1111-1321
212,kimh74,password212,김현정,740823-2,인천광역시 테헤란로 154,kimh74@example.com,2020-08-04,010-1111-1322
213,choe86,password213,조은별,860215-1,부산광역시 삼산로 93,choe86@example.com,2020-08-06,010-1111-1323
214,jung93,password214,정혜연,930726-1,부산광역시 엑스포로 12,jung93@example.com,2020-08-07,010-1111-1324
215,choi041,password215,최서현,040813-4,인천광역시 첨단로 122,choi041@example.com,2020-08-09,010-1111-1325
216,jung04,password216,정민수,040103-3,인천광역시 구월로 80,jung04@example.com,2020-08-12,010-1111-1326
217,park022,password217,박지훈,020210-3,울산광역시 수성로 90,park022@example.com,2020-08-14,010-1111-1327
218,leem72,password218,이민혁,721217-1,부산광역시 수성로 138,leem72@example.com,2020-08-16,010-1111-1328
219,jung964,password219,정지혜,960808-2,경기도 월드컵로 181,jung964@example.com,2020-08-16,010-1111-1329
220,kimy00,password220,김영희,000416-4,서울특별시 엑스포로 84,kimy00@example.com,2020-08-20,010-1111-1330
221,ohji01,password221,오지훈,010823-3,서울특별시 삼산로 87,ohji01@example.com,2020-08-22,010-1111-1331
222,kimm85,password222,김민정,850406-2,경기도 구월로 90,kimm85@example.com,2020-08-29,010-1111-1332
223,choi72,password223,최승민,720725-1,서울특별시 수성로 57,choi72@example.com,2020-08-29,010-1111-1333
224,limy07,password224,임선영,071018-3,대구광역시 구월로 190,limy07@example.com,2020-08-30,010-1111-1334
225,park045,password225,박다은,040101-4,서울특별시 수성로 79,park045@example.com,2020-08-31,010-1111-1335
226,leej87,password226,이지혜,870605-2,서울특별시 구월로 170,leej87@example.com,2020-09-01,010-1111-1336
227,minj82,password227,기민지,820503-2,부산광역시 해운대로 112,minj82@example.com,2020-09-02,010-1111-1337
228,park98,password228,박진서,980214-1,부산광역시 월드컵로 22,park98@example.com,2020-09-04,010-1111-1338
229,park781,password229,박다은,781111-2,서울특별시 삼산로 57,park781@example.com,2020-09-05,010-1111-1339
230,choi73,password230,최지혜,730208-2,경기도 첨단로 117,choi73@example.com,2020-09-07,010-1111-1340
231,jang832,password231,장서현,831025-2,대구광역시 월드컵로 185,jang832@example.com,2020-09-09,010-1111-1341
232,park943,password232,박민수,940406-1,대구광역시 구월로 82,park943@example.com,2020-09-09,010-1111-1342
233,jung81,password233,정혜경,811122-1,부산광역시 첨단로 56,jung81@example.com,2020-09-12,010-1111-1343
234,limj771,password234,임지혜,771112-2,부산광역시 해운대로 19,limj771@example.com,2020-09-14,010-1111-1344
235,choi724,password235,최우진,720922-1,서울특별시 수성로 39,choi724@example.com,2020-09-15,010-1111-1345
236,park731,password236,박다은,730520-2,인천광역시 첨단로 9,park731@example.com,2020-09-17,010-1111-1346
237,jung932,password237,정우진,930108-1,서울특별시 해운대로 14,jung932@example.com,2020-09-18,010-1111-1347
238,jung713,password238,정미연,710721-1,대구광역시 해운대로 68,jung713@example.com,2020-09-19,010-1111-1348
239,kimj00,password239,김지민,000908-3,서울특별시 테헤란로 166,kimj00@example.com,2020-09-21,010-1111-1349
240,kim99,password240,김태용,991009-1,서울특별시 월드컵로 99,kim99@example.com,2020-09-23,010-1111-1350
241,kimj732,password241,김지혜,730515-2,부산광역시 테헤란로 49,kimj732@example.com,2020-09-23,010-1111-1351
242,choi77,password242,최수빈,770906-1,부산광역시 삼산로 182,choi77@example.com,2020-09-24,010-1111-1352
243,jang83,password243,장윤정,830625-2,경기도 월드컵로 45,jang83@example.com,2020-09-27,010-1111-1353
244,jung831,password244,정연진,830907-1,서울특별시 수성로 92,jung831@example.com,2020-09-29,010-1111-1354
245,kimj031,password245,김진영,030310-3,경기도 첨단로 146,kimj031@example.com,2020-10-02,010-1111-1355
246,chod77,password246,조다은,771112-2,부산광역시 수성로 119,chod77@example.com,2020-10-06,010-1111-1356
247,jang80,password247,장유빈,800926-1,서울특별시 첨단로 49,jang80@example.com,2020-10-08,010-1111-1357
248,kimk95,password248,김경수,951224-1,서울특별시 수성로 101,kimk95@example.com,2020-10-09,010-1111-1358
249,jung952,password249,정소희,950522-2,서울특별시 해운대로 51,jung952@example.com,2020-10-11,010-1111-1359
250,chow70,password250,조우진,700927-1,서울특별시 삼산로 184,chow70@example.com,2020-10-22,010-1111-1360
251,jang723,password251,장지훈,721125-1,부산광역시 구월로 180,jang723@example.com,2020-10-22,010-1111-1361
252,limd99,password252,임다은,991107-2,서울특별시 월드컵로 196,limd99@example.com,2020-10-28,010-1111-1362
253,choi87,password253,최영훈,871118-1,서울특별시 구월로 73,choi87@example.com,2020-10-30,010-1111-1363
254,jung06,password254,정민경,061106-3,대구광역시 첨단로 139,jung06@example.com,2020-11-01,010-1111-1364
255,kims00,password255,김수연,000501-3,부산광역시 수성로 48,kims00@example.com,2020-11-01,010-1111-1365
256,kimy75,password256,김영훈,750104-1,부산광역시 삼산로 100,kimy75@example.com,2020-11-02,010-1111-1366
257,ohhy86,password257,오현정,860204-2,부산광역시 삼산로 151,ohhy86@example.com,2020-11-03,010-1111-1367
258,limk72,password258,임경수,721027-1,인천광역시 해운대로 167,limk72@example.com,2020-11-05,010-1111-1368
259,park762,password259,박우진,760502-1,부산광역시 삼산로 186,park762@example.com,2020-11-09,010-1111-1369
260,lims05,password260,임서현,051111-4,서울특별시 삼산로 94,lims05@example.com,2020-11-10,010-1111-1370
261,jung752,password261,정경수,750713-1,경기도 해운대로 109,jung752@example.com,2020-11-11,010-1111-1371
262,ohso76,password262,오소희,760118-2,서울특별시 구월로 75,ohso76@example.com,2020-11-12,010-1111-1372
263,choi83,password263,최지훈,830219-1,부산광역시 해운대로 71,choi83@example.com,2020-11-13,010-1111-1373
264,leem97,password264,이승민,970401-1,서울특별시 엑스포로 62,leem97@example.com,2020-11-14,010-1111-1374
265,choi993,password265,최현정,990723-2,서울특별시 엑스포로 3,choi993@example.com,2020-11-15,010-1111-1375
266,choi863,password266,최현정,860505-2,부산광역시 수성로 100,choi863@example.com,2020-11-17,010-1111-1376
267,lims71,password267,임서현,710206-2,대전광역시 구월로 110,lims71@example.com,2020-11-22,010-1111-1377
268,choi78,password268,최윤미,780512-1,경기도 엑스포로 28,choi78@example.com,2020-11-23,010-1111-1378
269,jung84,password269,정수민,840225-1,경기도 월드컵로 153,jung84@example.com,2020-11-24,010-1111-1379
270,yoon701,password270,윤나리,700903-1,대구광역시 첨단로 157,yoon701@example.com,2020-11-24,010-1111-1380
271,jang861,password271,장유정,861222-2,대구광역시 엑스포로 94,jang861@example.com,2020-11-27,010-1111-1381
272,yoon723,password272,윤지훈,720516-1,서울특별시 첨단로 39,yoon723@example.com,2020-11-29,010-1111-1382
273,yoon021,password273,윤우진,021219-3,인천광역시 구월로 134,yoon021@example.com,2020-12-01,010-1111-1383
274,yoon071,password274,윤지훈,071206-3,서울특별시 수성로 145,yoon071@example.com,2020-12-03,010-1111-1384
275,leew80,password275,이우진,800911-1,서울특별시 테헤란로 69,leew80@example.com,2020-12-03,010-1111-1385
276,lims73,password276,임서현,730508-2,인천광역시 구월로 96,lims73@example.com,2020-12-05,010-1111-1386
277,ohso95,password277,오소희,950406-2,서울특별시 해운대로 153,ohso95@example.com,2020-12-07,010-1111-1387
278,leej871,password278,이지혜,871108-2,울산광역시 수성로 55,leej871@example.com,2020-12-08,010-1111-1388
279,jung971,password279,정경수,970216-1,서울특별시 엑스포로 34,jung971@example.com,2020-12-09,010-1111-1389
280,kimw71,password280,김우진,710916-1,부산광역시 엑스포로 174,kimw71@example.com,2020-12-12,010-1111-1390
281,jang872,password281,장우진,871219-1,부산광역시 첨단로 148,jang872@example.com,2020-12-14,010-1111-1391
282,kimj731,password282,김지훈,730228-1,서울특별시 구월로 183,kimj731@example.com,2020-12-16,010-1111-1392
283,choi781,password283,최지혜,780308-2,대구광역시 월드컵로 43,choi781@example.com,2020-12-17,010-1111-1393
284,choi93,password284,최수지,930324-2,경기도 첨단로 102,choi93@example.com,2020-12-20,010-1111-1394
285,lim011,password285,임채린,010502-3,인천광역시 수성로 79,lim011@example.com,2020-12-29,010-1111-1395
286,kimm76,password286,김성민,760108-1,경기도 구월로 94,kimm76@example.com,2020-12-31,010-1111-1396
287,leeh78,password287,이현정,781213-2,부산광역시 해운대로 68,leeh78@example.com,2020-12-31,010-1111-1397
